arm,mechanism,severity,outcome,replicate,n_kept,treated_share_kept,naive,outcome_regression,ipw,aipw
primary,confounded_assignment,0.0,visit,0,500520,0.8502237672820266,0.010528346733034474,0.007439362817617605,0.006394190157646397,0.007433428129492506
primary,confounded_assignment,0.0,visit,1,499738,0.8503936062496749,0.01066854485487749,0.006695843598010588,0.005754021038289613,0.007251541679555678
primary,confounded_assignment,0.0,visit,2,499084,0.8499671398001138,0.008765392805776324,0.005950309827037657,0.0052171734986294,0.006406789741566774
primary,confounded_assignment,0.0,visit,3,499256,0.849538112711715,0.010512392217757648,0.006778962709950066,0.00569283270158133,0.007290289799508596
primary,confounded_assignment,0.0,visit,4,500214,0.8501281451538741,0.009866209899569926,0.0066826956926451485,0.005627414997749887,0.007385935824110242
primary,confounded_assignment,0.0,visit,5,500312,0.8500355777994532,0.010162130764305895,0.006852645729569617,0.006351277853152516,0.006963137630254159
primary,confounded_assignment,0.0,visit,6,500126,0.8501177703218789,0.010136791896829138,0.0070945774068505085,0.006041634644675754,0.007210329172158986
primary,confounded_assignment,0.0,visit,7,500367,0.8504777493319903,0.010345919990915053,0.006959311800272664,0.006106632611380031,0.007443097919143721
primary,confounded_assignment,0.0,visit,8,499753,0.8498438228484871,0.010598909383485428,0.007471914531614364,0.006396513899613321,0.007735241259125112
primary,confounded_assignment,0.0,visit,9,499359,0.8498154634241097,0.009789384685928916,0.006542854657336269,0.005901543671526392,0.0069873963721133765
primary,confounded_assignment,0.0,visit,10,500457,0.8497613181552062,0.00950629070448987,0.006101255242401762,0.005739818590372439,0.006811677437204243
primary,confounded_assignment,0.0,visit,11,500307,0.8502859244423924,0.010190644176897148,0.007118087950240804,0.005976123850222836,0.00719648733047802
primary,confounded_assignment,0.0,visit,12,500249,0.8503185413663995,0.010646955388414168,0.007089021913353839,0.0059425748932689995,0.007701221512460268
primary,confounded_assignment,0.0,visit,13,498863,0.8502013578878369,0.00956009516931381,0.006972813275688781,0.00610116646149781,0.007483164538680422
primary,confounded_assignment,0.0,visit,14,499225,0.8501757724472933,0.01114962123727932,0.007832055980980643,0.00668209139189526,0.007955947175347939
primary,confounded_assignment,0.0,visit,15,499864,0.8500112030472289,0.010612692913597822,0.007870720098010021,0.006992477874631198,0.008165929520831334
primary,confounded_assignment,0.0,visit,16,499780,0.8499679859138021,0.010548008043275159,0.007263325092049323,0.005975734016489639,0.00752119408135896
primary,confounded_assignment,0.0,visit,17,499791,0.8501973825058875,0.010949611294696314,0.008127733211180625,0.0068710365081035354,0.00826114975565346
primary,confounded_assignment,0.0,visit,18,500386,0.8506313126266523,0.010104613111091551,0.007015582222923605,0.00633402828700784,0.007351001133179838
primary,confounded_assignment,0.0,visit,19,499859,0.8495355690304666,0.010357937938250156,0.007092080842596219,0.006023121610702217,0.007119547094798374
primary,confounded_assignment,0.25,visit,0,500065,0.8496055512783338,0.03271561113761436,0.008490160075604825,0.005592613748128812,0.007948609322652078
primary,confounded_assignment,0.25,visit,1,499446,0.8494451852652739,0.03352159210770936,0.008482270907687594,0.005444626558819152,0.008651798597562125
primary,confounded_assignment,0.25,visit,2,498861,0.8493448074714199,0.032416631041871966,0.00746547279177881,0.0043742644117150745,0.007675407012758768
primary,confounded_assignment,0.25,visit,3,499061,0.848741937358359,0.03349683502292942,0.008398158630146563,0.004132375292326261,0.008174311897686507
primary,confounded_assignment,0.25,visit,4,499723,0.8495226355400892,0.03288166482262801,0.008351707302506981,0.004651116477303235,0.008290125146695757
primary,confounded_assignment,0.25,visit,5,499828,0.8493961922901478,0.032983874763058155,0.007627336750933514,0.004976821035731431,0.0076638853822900525
primary,confounded_assignment,0.25,visit,6,499882,0.8495064835301132,0.03248239599417249,0.007059570607787396,0.003792783276387629,0.007674952552557918
primary,confounded_assignment,0.25,visit,7,500099,0.8498137368800978,0.033103023402126355,0.00845383572082504,0.004873365059339559,0.008241808860326863
primary,confounded_assignment,0.25,visit,8,499221,0.8491870333980341,0.03348433818537974,0.008526054925536283,0.005633987223144191,0.008794038643110685
primary,confounded_assignment,0.25,visit,9,499297,0.8491799470054897,0.03276313613744822,0.00768886150829565,0.004020303434502652,0.00742137546942621
primary,confounded_assignment,0.25,visit,10,500030,0.849013059216447,0.032232660769068874,0.0063392398011518965,0.0032445463607997244,0.0071578672904639195
primary,confounded_assignment,0.25,visit,11,500040,0.8495540356771458,0.03370847708445566,0.009169234424960631,0.004220038125314428,0.008359059493934456
primary,confounded_assignment,0.25,visit,12,500131,0.8492275023943727,0.03291727692290061,0.008843128810923025,0.006090484415458806,0.009333367353716758
primary,confounded_assignment,0.25,visit,13,498384,0.8496861857523516,0.032429640266045064,0.007411289790200707,0.0024252864628346374,0.007020096522903856
primary,confounded_assignment,0.25,visit,14,498995,0.8492449824146534,0.033852596080782574,0.008924461785094678,0.005057268856667851,0.009102258685359466
primary,confounded_assignment,0.25,visit,15,499546,0.8494492999643677,0.033833777202499055,0.009901686426600408,0.00620514418414711,0.009103482794566633
primary,confounded_assignment,0.25,visit,16,499227,0.849214886214087,0.033871986737736254,0.008669564711772588,0.00474387244341877,0.009576985882159949
primary,confounded_assignment,0.25,visit,17,499612,0.8496112983675332,0.03411866265641511,0.010166026668766908,0.006697379863546744,0.010087501377677763
primary,confounded_assignment,0.25,visit,18,500263,0.8497330404207387,0.03331110385831801,0.008310812223106232,0.004966741574455959,0.008508888552057553
primary,confounded_assignment,0.25,visit,19,499522,0.8489315785891313,0.03343039225991655,0.00804140428380424,0.0042133252635383825,0.007089720475521229
primary,confounded_assignment,0.5,visit,0,497871,0.8470547591645226,0.05003938974600677,0.011384988364548435,0.00945960941504298,0.010590515553762508
primary,confounded_assignment,0.5,visit,1,496532,0.8469605181539156,0.05050978872048682,0.010209552264050034,0.007150446263391473,0.009460717988643093
primary,confounded_assignment,0.5,visit,2,496330,0.8466544436161425,0.049531949281892564,0.010356253073085235,0.008944660155284383,0.010221955406001376
primary,confounded_assignment,0.5,visit,3,496194,0.8463201892808055,0.05010958299319389,0.008609838780808968,0.006522576591364418,0.008794981630318992
primary,confounded_assignment,0.5,visit,4,497143,0.8469917106345659,0.05003187810738696,0.010968637491369585,0.008516154720117963,0.011163535587928807
primary,confounded_assignment,0.5,visit,5,497175,0.8469733997083522,0.05014313294448963,0.008959152043603076,0.007611887408508364,0.00920139461825163
primary,confounded_assignment,0.5,visit,6,497007,0.8466882760202573,0.04949653009230494,0.00924584396811612,0.004760374480278419,0.008047799564208816
primary,confounded_assignment,0.5,visit,7,497210,0.8474045172060095,0.05042633692794127,0.011703579727346862,0.007925140715109046,0.011034790943939192
primary,confounded_assignment,0.5,visit,8,496356,0.8468155920347492,0.050922446424098676,0.011966972409584657,0.010482479839964524,0.011865325807721696
primary,confounded_assignment,0.5,visit,9,496513,0.8466344285043896,0.04998868198936575,0.009271140155683496,0.005865186225197716,0.007929849653667418
primary,confounded_assignment,0.5,visit,10,497271,0.8466671090813661,0.0495826782531492,0.009094702992872265,0.005128003182303609,0.008370936279330872
primary,confounded_assignment,0.5,visit,11,497535,0.8471283427296572,0.050514406764117004,0.009906447772857955,0.006753006105694036,0.009388019378066766
primary,confounded_assignment,0.5,visit,12,497749,0.8469570004158723,0.05006039108644414,0.011490792480297603,0.010350430306301617,0.011784951939093832
primary,confounded_assignment,0.5,visit,13,495749,0.8472896566609313,0.0497638056302146,0.009474329281409666,0.005761521517943721,0.008602364714031852
primary,confounded_assignment,0.5,visit,14,496541,0.8466632161291817,0.04997413455846539,0.009786172505582948,0.006380251477718729,0.009142436135701502
primary,confounded_assignment,0.5,visit,15,496848,0.8469692944321,0.05061714130142034,0.012939641619079432,0.011945387096660036,0.013186343090535325
primary,confounded_assignment,0.5,visit,16,496595,0.8469316042247707,0.050408105233302705,0.009615213961685957,0.0068657860864579714,0.008894135219773712
primary,confounded_assignment,0.5,visit,17,497097,0.8473316073120538,0.05043630855148484,0.011749417507904177,0.009999624972762543,0.012067351021401421
primary,confounded_assignment,0.5,visit,18,497631,0.8472442432243972,0.04959510782591699,0.009802882412727795,0.006343929552841479,0.008333687636122916
primary,confounded_assignment,0.5,visit,19,496705,0.84640178778148,0.05041460422516258,0.010153732853186749,0.008028690427086205,0.009333582048222195
primary,confounded_assignment,1.0,visit,0,486055,0.8373743712131343,0.07079237830858223,0.015257304761568363,0.024141735885075344,0.015379975376687654
primary,confounded_assignment,1.0,visit,1,484448,0.8371858279939229,0.07129497937185098,0.015066660380319761,0.023380545232969625,0.014727942921321117
primary,confounded_assignment,1.0,visit,2,484727,0.8369721513346688,0.07081224306017994,0.014614849895752902,0.02085602984065256,0.01404094362394468
primary,confounded_assignment,1.0,visit,3,484620,0.8370537740910404,0.07105450214010525,0.013105437746305237,0.02192927172414861,0.01272531890489204
primary,confounded_assignment,1.0,visit,4,485325,0.8373378663782002,0.07095416282275843,0.016628897896229698,0.02470984655087441,0.01624059625178837
primary,confounded_assignment,1.0,visit,5,485373,0.8372426978838955,0.07085617837110204,0.013329413694840192,0.023180764364930675,0.01485013371369358
primary,confounded_assignment,1.0,visit,6,485444,0.83693896721352,0.07081758848666225,0.012636095263391595,0.019016462296725267,0.011381965441799795
primary,confounded_assignment,1.0,visit,7,485532,0.8378726839837539,0.0710230619376512,0.0136171744511628,0.021951152112565847,0.012915810087326545
primary,confounded_assignment,1.0,visit,8,484850,0.8371785088171599,0.07140492883918757,0.015922844330320877,0.0238039474707751,0.013989322139887456
primary,confounded_assignment,1.0,visit,9,485203,0.8374000160757457,0.07146307169083033,0.011407540892856446,0.020322147484634602,0.010763113916895597
primary,confounded_assignment,1.0,visit,10,485501,0.837431848750054,0.07095276342379597,0.01714160427491306,0.023745713111917692,0.016859959901452882
primary,confounded_assignment,1.0,visit,11,485471,0.8374980173892982,0.07184676998749938,0.019038601620012002,0.02628377688023125,0.018527485553157218
primary,confounded_assignment,1.0,visit,12,485880,0.8372478801350127,0.07069600010709112,0.01441156419057067,0.02150921647342984,0.014621340946180856
primary,confounded_assignment,1.0,visit,13,484102,0.8381146948370385,0.07109480506372111,0.011233957965146727,0.02112950280647511,0.011174310678393425
primary,confounded_assignment,1.0,visit,14,484440,0.8373792420113946,0.07112277308078503,0.01437333519994278,0.022072128338560724,0.014879314556752957
primary,confounded_assignment,1.0,visit,15,485017,0.8377335227425018,0.07130552435795172,0.017342952384780612,0.024013625730525817,0.01627819835152638
primary,confounded_assignment,1.0,visit,16,484884,0.8375962085777217,0.07125407942152796,0.015019896792128583,0.02436379563343944,0.015260789426987463
primary,confounded_assignment,1.0,visit,17,485735,0.8378663262890259,0.07136479232829719,0.016607534269791398,0.0238890268590128,0.01580097386975841
primary,confounded_assignment,1.0,visit,18,485930,0.8378778836457926,0.07068396977522594,0.011767388896974814,0.020535084915706076,0.011754325894400315
primary,confounded_assignment,1.0,visit,19,484999,0.8371646127105417,0.07157781515348775,0.011390585157444687,0.022387847829889486,0.011362121213687884
primary,confounded_assignment,1.5,visit,0,470434,0.8245471203186845,0.08350906067171471,0.018496506540371323,0.038686364877968386,0.01928146264215477
primary,confounded_assignment,1.5,visit,1,468620,0.8243118091417353,0.08446501485376386,0.018713284688970887,0.03949538374562541,0.020352739615799146
primary,confounded_assignment,1.5,visit,2,468891,0.8238695133837075,0.08365215852756949,0.023448866548851123,0.03995107371974037,0.02344298477671708
primary,confounded_assignment,1.5,visit,3,468929,0.8240160024225416,0.08409098639205062,0.02104683942216523,0.0384056442394809,0.020272584043946273
primary,confounded_assignment,1.5,visit,4,469059,0.8243227397832682,0.08374597360891642,0.018398258277759105,0.03933768721538073,0.0188844271314199
primary,confounded_assignment,1.5,visit,5,469855,0.8243670919751839,0.08365741932206758,0.018868221957635996,0.037468027839167375,0.019426459986951593
primary,confounded_assignment,1.5,visit,6,469889,0.8239584242235932,0.0840721749876539,0.014475510761440472,0.036304671145738335,0.013012000915739242
primary,confounded_assignment,1.5,visit,7,469531,0.824642036415061,0.08386801536610085,0.013622401220715482,0.03701739379679274,0.01463853429285948
primary,confounded_assignment,1.5,visit,8,468868,0.824138136959656,0.08456699421343625,0.026046273189835753,0.041809234261697005,0.025767142940070643
primary,confounded_assignment,1.5,visit,9,469337,0.8243287872040772,0.08471418178555144,0.019115897930895544,0.03918452952913909,0.017734068419887936
primary,confounded_assignment,1.5,visit,10,469668,0.8241694132876841,0.08394297212026319,0.023792664431487875,0.039525528967498065,0.023670994241012926
primary,confounded_assignment,1.5,visit,11,469412,0.824420764701371,0.08432794116494488,0.025694557978960388,0.04235832540203569,0.025941532839286453
primary,confounded_assignment,1.5,visit,12,469894,0.8237708930099129,0.083931784677302,0.017298086892934248,0.036952266328206106,0.017759628712130687
primary,confounded_assignment,1.5,visit,13,468702,0.8248332629261237,0.08378621179547563,0.015320225542885722,0.03558653954118259,0.014450157245875662
primary,confounded_assignment,1.5,visit,14,468502,0.8241288190872184,0.0842690360950291,0.020816225693116076,0.037295038875243644,0.01971168471310073
primary,confounded_assignment,1.5,visit,15,468978,0.8245376115723978,0.08409228694019635,0.02367948440663558,0.04019644384591369,0.022847127245555866
primary,confounded_assignment,1.5,visit,16,468820,0.8242353141930805,0.08406617255146906,0.015157458666602789,0.03637285760090641,0.014964805535190322
primary,confounded_assignment,1.5,visit,17,469819,0.824547325672227,0.08395053001521569,0.019458021104067285,0.037799782413007084,0.01763759928114987
primary,confounded_assignment,1.5,visit,18,470006,0.8249554261009434,0.08346793593173722,0.0164044602460215,0.037684223125732566,0.01653221479132579
primary,confounded_assignment,1.5,visit,19,469230,0.8238944654007629,0.08473288044132483,0.016741087371581555,0.038323630053018864,0.016265634263615065
primary,confounded_assignment,2.0,visit,0,453389,0.8095983801989021,0.0934137556929638,0.02309675631383,0.049650766713292147,0.02364791376902362
primary,confounded_assignment,2.0,visit,1,452015,0.8092541176730861,0.09430377616651395,0.025142781613773788,0.052226484434489885,0.02486048771568485
primary,confounded_assignment,2.0,visit,2,451977,0.8092380806987967,0.09365024836175032,0.025903170843535484,0.05069672645755259,0.02658331766741339
primary,confounded_assignment,2.0,visit,3,452074,0.8092701637342559,0.0939402745731546,0.021286591935169765,0.04835783312064978,0.019083812217869256
primary,confounded_assignment,2.0,visit,4,452165,0.8095252839118463,0.09336361723429293,0.018864163315418056,0.04836152116442372,0.01750139617890879
primary,confounded_assignment,2.0,visit,5,452896,0.8091946053840176,0.09336992251926968,0.02276347523029016,0.050706982965128274,0.02338937226247993
primary,confounded_assignment,2.0,visit,6,453074,0.8090797529763349,0.09420893997097371,0.02945585713587908,0.05523662061584576,0.028653551042509943
primary,confounded_assignment,2.0,visit,7,452762,0.8096240408868235,0.09365839732089043,0.018174018302851144,0.049742958759214875,0.018081690894030437
primary,confounded_assignment,2.0,visit,8,452061,0.8091452259761404,0.09439177000493353,0.031260976272782376,0.05361732029738104,0.031038204949431113
primary,confounded_assignment,2.0,visit,9,452557,0.8093941757612854,0.09433126738162523,0.025419627435149892,0.05312531820469037,0.024262147539513987
primary,confounded_assignment,2.0,visit,10,452910,0.8095074076527345,0.09360838890644198,0.027015494698201397,0.05153403476789776,0.026854410028790365
primary,confounded_assignment,2.0,visit,11,452524,0.8095879997524993,0.09416474838768998,0.03364119058423071,0.05497391146885905,0.03335854453053022
primary,confounded_assignment,2.0,visit,12,452876,0.8090448599616672,0.09370524800807421,0.029730033987813067,0.05240298892424066,0.028562098009617225
primary,confounded_assignment,2.0,visit,13,451709,0.8097137759043986,0.09397251763830614,0.019065867745697997,0.049241850479121343,0.017330296695074097
primary,confounded_assignment,2.0,visit,14,451659,0.8092233299901032,0.09412785137329298,0.02347620310636365,0.04942659577027875,0.02247568888748579
primary,confounded_assignment,2.0,visit,15,452121,0.8095620420197248,0.09384291696377073,0.026732297944244313,0.05226767625908503,0.025820783625327203
primary,confounded_assignment,2.0,visit,16,452460,0.809415196923485,0.09380625277938592,0.020083763446854128,0.048983240740516985,0.01841240199304599
primary,confounded_assignment,2.0,visit,17,453066,0.8099989846953866,0.09367540102723534,0.02258003011456524,0.05065180431137984,0.021235627058829153
primary,confounded_assignment,2.0,visit,18,453126,0.8101896602710946,0.09357422237311971,0.021156767918921314,0.05083775109248134,0.0207317491217842
primary,confounded_assignment,2.0,visit,19,452442,0.8091048134346502,0.09433723528088622,0.022274395425320784,0.05104284946087467,0.020799535204529786
robustness,selective_attrition,0.0,visit,0,1000000,0.85,0.01034352941176471,0.00703829051753403,0.006708305114605094,0.007472872695997216
robustness,selective_attrition,0.0,visit,1,1000000,0.85,0.01034352941176471,0.00703829051753403,0.006708305114605094,0.007472872695997216
robustness,selective_attrition,0.0,visit,2,1000000,0.85,0.01034352941176471,0.00703829051753403,0.006708305114605094,0.007472872695997216
robustness,selective_attrition,0.0,visit,3,1000000,0.85,0.01034352941176471,0.00703829051753403,0.006708305114605094,0.007472872695997216
robustness,selective_attrition,0.0,visit,4,1000000,0.85,0.01034352941176471,0.00703829051753403,0.006708305114605094,0.007472872695997216
robustness,selective_attrition,0.0,visit,5,1000000,0.85,0.01034352941176471,0.00703829051753403,0.006708305114605094,0.007472872695997216
robustness,selective_attrition,0.0,visit,6,1000000,0.85,0.01034352941176471,0.00703829051753403,0.006708305114605094,0.007472872695997216
robustness,selective_attrition,0.0,visit,7,1000000,0.85,0.01034352941176471,0.00703829051753403,0.006708305114605094,0.007472872695997216
robustness,selective_attrition,0.0,visit,8,1000000,0.85,0.01034352941176471,0.00703829051753403,0.006708305114605094,0.007472872695997216
robustness,selective_attrition,0.0,visit,9,1000000,0.85,0.01034352941176471,0.00703829051753403,0.006708305114605094,0.007472872695997216
robustness,selective_attrition,0.0,visit,10,1000000,0.85,0.01034352941176471,0.00703829051753403,0.006708305114605094,0.007472872695997216
robustness,selective_attrition,0.0,visit,11,1000000,0.85,0.01034352941176471,0.00703829051753403,0.006708305114605094,0.007472872695997216
robustness,selective_attrition,0.0,visit,12,1000000,0.85,0.01034352941176471,0.00703829051753403,0.006708305114605094,0.007472872695997216
robustness,selective_attrition,0.0,visit,13,1000000,0.85,0.01034352941176471,0.00703829051753403,0.006708305114605094,0.007472872695997216
robustness,selective_attrition,0.0,visit,14,1000000,0.85,0.01034352941176471,0.00703829051753403,0.006708305114605094,0.007472872695997216
robustness,selective_attrition,0.0,visit,15,1000000,0.85,0.01034352941176471,0.00703829051753403,0.006708305114605094,0.007472872695997216
robustness,selective_attrition,0.0,visit,16,1000000,0.85,0.01034352941176471,0.00703829051753403,0.006708305114605094,0.007472872695997216
robustness,selective_attrition,0.0,visit,17,1000000,0.85,0.01034352941176471,0.00703829051753403,0.006708305114605094,0.007472872695997216
robustness,selective_attrition,0.0,visit,18,1000000,0.85,0.01034352941176471,0.00703829051753403,0.006708305114605094,0.007472872695997216
robustness,selective_attrition,0.0,visit,19,1000000,0.85,0.01034352941176471,0.00703829051753403,0.006708305114605094,0.007472872695997216
robustness,selective_attrition,0.1,visit,0,918828,0.8367485535921848,0.015468700931807897,0.010556459016192505,0.010295042301946625,0.010902136807130144
robustness,selective_attrition,0.1,visit,1,919150,0.8368057444377958,0.015446232854449717,0.010524343372417448,0.010259881588592694,0.010953330523480055
robustness,selective_attrition,0.1,visit,2,919325,0.8368368096157507,0.01543402983134566,0.010471528183623804,0.010222978768704545,0.010893243573507171
robustness,selective_attrition,0.1,visit,3,919174,0.8368100055049424,0.015444558968451871,0.010477924575789176,0.010159496665227481,0.010884955987286579
robustness,selective_attrition,0.1,visit,4,919237,0.8368211897475841,0.015440165514659335,0.010533549123745817,0.010143385314139136,0.010932298435181313
robustness,selective_attrition,0.1,visit,5,919332,0.8368380519768701,0.015433541825895715,0.01050528071793383,0.010115229714221366,0.010906192224770505
robustness,selective_attrition,0.1,visit,6,918966,0.8367730688621777,0.015459069451705276,0.01056652341869877,0.010131159524144819,0.010912418219547923
robustness,selective_attrition,0.1,visit,7,919015,0.8367817717882733,0.015455650409939993,0.010431327461430384,0.010154691813534823,0.01081160323631486
robustness,selective_attrition,0.1,visit,8,919116,0.8367997075450759,0.01544860437177227,0.010525423507725513,0.010145780912623241,0.010877726990339147
robustness,selective_attrition,0.1,visit,9,919413,0.8368524264938607,0.015427895551543842,0.010483295760438629,0.010139619103884244,0.010856995422122779
robustness,selective_attrition,0.1,visit,10,919015,0.8367817717882733,0.015455650409939993,0.010529394808625473,0.010107566331029536,0.010830204458406822
robustness,selective_attrition,0.1,visit,11,918752,0.8367350492842465,0.015474006701771181,0.010488078072532405,0.010189588220674402,0.01091745966083811
robustness,selective_attrition,0.1,visit,12,919332,0.8368380519768701,0.015433541825895715,0.010474840350825576,0.010274460796916754,0.010913069873220705
robustness,selective_attrition,0.1,visit,13,918935,0.83676756245001,0.01546123274399007,0.010551958939979062,0.010249501686719627,0.010982331899383807
robustness,selective_attrition,0.1,visit,14,919229,0.836819769611272,0.015440723373663763,0.010476086933862958,0.010144719432905923,0.010874093844566822
robustness,selective_attrition,0.1,visit,15,919349,0.8368410690608246,0.015432356706774168,0.010431155747058994,0.010162109941564974,0.010832255210463628
robustness,selective_attrition,0.1,visit,16,919155,0.8368066321784683,0.015445884119585779,0.010501771116316146,0.010220353266823273,0.010873698018211777
robustness,selective_attrition,0.1,visit,17,919125,0.8368013055895552,0.015447976596782056,0.010454894498894026,0.010208199785056583,0.010930032514600719
robustness,selective_attrition,0.1,visit,18,918825,0.8367480205697494,0.015468910350209739,0.010468679549789276,0.010279380592283123,0.010878649586508271
robustness,selective_attrition,0.1,visit,19,919622,0.8368895046008034,0.015413332259212965,0.010433932914510363,0.010149543636680636,0.010883265679316427
robustness,selective_attrition,0.25,visit,0,797053,0.8118067430898572,0.025569119376619848,0.017226604537924142,0.01697974225203136,0.017634239015979433
robustness,selective_attrition,0.25,visit,1,798105,0.8120548048189148,0.025465609739162634,0.017325971632929694,0.01702696127326802,0.01767700922713526
robustness,selective_attrition,0.25,visit,2,798122,0.8120588080519019,0.02546393981380049,0.017183426136303078,0.017075408998265762,0.017668709200831002
robustness,selective_attrition,0.25,visit,3,797911,0.8120091087853156,0.025484672740546152,0.01716852879937758,0.01695019609924741,0.017547235459564714
robustness,selective_attrition,0.25,visit,4,797880,0.8120018047826741,0.025487719948138546,0.017269065796848105,0.016944419285129478,0.017628706830574544
robustness,selective_attrition,0.25,visit,5,797440,0.8118980738362761,0.02553100210058075,0.017247540004136835,0.017028479910298766,0.01761589022941533
robustness,selective_attrition,0.25,visit,6,797871,0.8119996841594694,0.025488604675930865,0.017213399137420482,0.01700529050358006,0.017606745131431296
robustness,selective_attrition,0.25,visit,7,797948,0.8120178257229794,0.025481036132529153,0.01713480895164646,0.016862347183157808,0.017528103372957324
robustness,selective_attrition,0.25,visit,8,798350,0.8121124819941129,0.025441551631063472,0.01722437138695287,0.016779048304651455,0.017563247333888785
robustness,selective_attrition,0.25,visit,9,798187,0.8120741129584922,0.02545755561280927,0.017144569995964712,0.01704470177485845,0.017652364992049075
robustness,selective_attrition,0.25,visit,10,797751,0.8119714046112133,0.0255004033957493,0.0172497431270119,0.016976482153013984,0.017580307751350326
robustness,selective_attrition,0.25,visit,11,797738,0.8119683404827148,0.025501681852847916,0.01719832012329819,0.016909408423059977,0.01764609962234155
robustness,selective_attrition,0.25,visit,12,797977,0.8120246573522796,0.025478186108457562,0.017204128329289654,0.016881135034142562,0.017639945936486483
robustness,selective_attrition,0.25,visit,13,798477,0.8121423660293283,0.025429087847371606,0.017140891126803996,0.016780377122718168,0.017467213170969862
robustness,selective_attrition,0.25,visit,14,798388,0.8121214246707115,0.025437821798059188,0.017247105672479956,0.016895817882486383,0.01757892615020496
robustness,selective_attrition,0.25,visit,15,797869,0.8119992129033714,0.025488801285445048,0.017201678000777144,0.017016542374823897,0.01759861289556527
robustness,selective_attrition,0.25,visit,16,797993,0.8120284263145165,0.025476613790581068,0.017243403332320162,0.01705183534505042,0.01766390602099682
robustness,selective_attrition,0.25,visit,17,797512,0.8119150558236115,0.025523915541333597,0.017277631250008574,0.017035506527178793,0.017712444955639322
robustness,selective_attrition,0.25,visit,18,796894,0.8117691938952984,0.025584793180953913,0.01724264712025468,0.017067019723999696,0.017682821293653287
robustness,selective_attrition,0.25,visit,19,798229,0.8120840009571189,0.025453431117706857,0.01717559449587783,0.016849545338250185,0.017594075745113655
robustness,selective_attrition,0.5,visit,0,595048,0.7479194955701053,0.0545135949380741,0.03579558938790349,0.03548882061130545,0.03623820294824314
robustness,selective_attrition,0.5,visit,1,595811,0.7482423117397967,0.054354916769662476,0.03584905647871211,0.0356944479755166,0.03631467227637489
robustness,selective_attrition,0.5,visit,2,596288,0.7484437050552754,0.054255992542931925,0.03563650010168191,0.03527690041100621,0.0359812328258339
robustness,selective_attrition,0.5,visit,3,596515,0.7485394332078824,0.05420898961960964,0.03547723697937619,0.035246186311626314,0.035956580213282914
robustness,selective_attrition,0.5,visit,4,595303,0.7480274750841168,0.054460503073188365,0.03584424293762487,0.035550028586416316,0.036223780286722206
robustness,selective_attrition,0.5,visit,5,595352,0.7480482134938659,0.05445030807091919,0.035618613711907395,0.03524118149250214,0.0360294340971655
robustness,selective_attrition,0.5,visit,6,595581,0.7481450885773724,0.054402691766480174,0.03570621019899177,0.03551455261418426,0.036087697287743144
robustness,selective_attrition,0.5,visit,7,595216,0.7479906454127577,0.05447860993315605,0.03578368093578821,0.03545828485865625,0.036224537693684306
robustness,selective_attrition,0.5,visit,8,595965,0.7483073670433666,0.054322955837341494,0.03579893587816873,0.03573695728918373,0.03621530963889683
robustness,selective_attrition,0.5,visit,9,596314,0.7484546732090811,0.054250606523658235,0.03569384881911144,0.03561524077897662,0.03613815979941248
robustness,selective_attrition,0.5,visit,10,595363,0.7480528685860559,0.05444801970527413,0.03592238986284486,0.03570559847807647,0.03638456552148153
robustness,selective_attrition,0.5,visit,11,595373,0.7480571003387793,0.0544459394709603,0.0357571755398166,0.03547001356409218,0.03619681329169783
robustness,selective_attrition,0.5,visit,12,595212,0.7479889518356485,0.05447944260262527,0.03578357540137076,0.03554789644298344,0.03624203011345806
robustness,selective_attrition,0.5,visit,13,596539,0.7485495499875113,0.054204022940885346,0.03548436303890768,0.03509891798512279,0.035789258796821856
robustness,selective_attrition,0.5,visit,14,596345,0.7484677493732654,0.05424418555153525,0.03571824788416311,0.03563455795031301,0.0362014748191577
robustness,selective_attrition,0.5,visit,15,596003,0.7483234144794573,0.054315072768568826,0.035573262104104254,0.035243222699343504,0.035914736969129925
robustness,selective_attrition,0.5,visit,16,595994,0.7483196139558452,0.05431693968977161,0.03574809638516388,0.03559506255586697,0.03627213197112302
robustness,selective_attrition,0.5,visit,17,595850,0.7482587899639171,0.05434682067960077,0.03570496794351045,0.03552037937991987,0.03621496669065336
robustness,selective_attrition,0.5,visit,18,594967,0.7478851768249332,0.054530472147372736,0.035701659726240946,0.035573002552679714,0.03612363809182852
robustness,selective_attrition,0.5,visit,19,595887,0.7482744211570315,0.0543391410828304,0.03561151841258269,0.03538667918405207,0.03608868117835968
hidden_confounder,confounded_assignment,1.0,visit,0,486055,0.8373743712131343,0.07079237830858223,0.03755053049550288,0.03670353875417773,0.03418509869000934
hidden_confounder,confounded_assignment,1.0,visit,1,484448,0.8371858279939229,0.07129497937185098,0.03640477975704353,0.03613837572268448,0.03325326146449588
hidden_confounder,confounded_assignment,1.0,visit,2,484727,0.8369721513346688,0.07081224306017994,0.036699638152655825,0.03716864422091072,0.03380512323142787
hidden_confounder,confounded_assignment,1.0,visit,3,484620,0.8370537740910404,0.07105450214010525,0.036138365490325564,0.03555448569402975,0.03256290906325569
hidden_confounder,confounded_assignment,1.0,visit,4,485325,0.8373378663782002,0.07095416282275843,0.037769365085156006,0.03802070050601227,0.03547912281000516
hidden_confounder,confounded_assignment,1.0,visit,5,485373,0.8372426978838955,0.07085617837110204,0.03741871641210497,0.037702662317772785,0.03531022806919796
hidden_confounder,confounded_assignment,1.0,visit,6,485444,0.83693896721352,0.07081758848666225,0.03741091439106786,0.03574580064620515,0.03352015510135627
hidden_confounder,confounded_assignment,1.0,visit,7,485532,0.8378726839837539,0.0710230619376512,0.03626496576796326,0.037047470233426756,0.033744495821693594
hidden_confounder,confounded_assignment,1.0,visit,8,484850,0.8371785088171599,0.07140492883918757,0.03946992184464657,0.039094523555545255,0.03706475294358334
hidden_confounder,confounded_assignment,1.0,visit,9,485203,0.8374000160757457,0.07146307169083033,0.037788252044573034,0.03790338346411465,0.03497180342815304
hidden_confounder,confounded_assignment,1.0,visit,10,485501,0.837431848750054,0.07095276342379597,0.03884166019438362,0.03878861613064183,0.03648766892655355
hidden_confounder,confounded_assignment,1.0,visit,11,485471,0.8374980173892982,0.07184676998749938,0.04000501966354638,0.03989995723825597,0.037628157242127785
hidden_confounder,confounded_assignment,1.0,visit,12,485880,0.8372478801350127,0.07069600010709112,0.03670549056604294,0.03731886025003139,0.03452424270499233
hidden_confounder,confounded_assignment,1.0,visit,13,484102,0.8381146948370385,0.07109480506372111,0.03734193763506799,0.037903005538710156,0.035574872313230005
hidden_confounder,confounded_assignment,1.0,visit,14,484440,0.8373792420113946,0.07112277308078503,0.03764002147972678,0.036961086580074146,0.0340909462081197
hidden_confounder,confounded_assignment,1.0,visit,15,485017,0.8377335227425018,0.07130552435795172,0.0388257550102696,0.03947239870186118,0.03696277658150478
hidden_confounder,confounded_assignment,1.0,visit,16,484884,0.8375962085777217,0.07125407942152796,0.03793574080215385,0.038782063482240725,0.036026856186052635
hidden_confounder,confounded_assignment,1.0,visit,17,485735,0.8378663262890259,0.07136479232829719,0.039121848009452585,0.039752050123889236,0.03776157556420681
hidden_confounder,confounded_assignment,1.0,visit,18,485930,0.8378778836457926,0.07068396977522594,0.03680219473766083,0.03700547012122354,0.03406571690651738
hidden_confounder,confounded_assignment,1.0,visit,19,484999,0.8371646127105417,0.07157781515348775,0.03791297150897917,0.03805714318568374,0.03506840898550848
conversion_explore,confounded_assignment,1.0,conversion,0,486055,0.8373743712131343,0.005619071163401275,0.004248301216699367,0.0038792803150301224,0.0037829557500811003
conversion_explore,confounded_assignment,1.0,conversion,1,484448,0.8371858279939229,0.0056858286894076486,0.004030896034686901,0.0041810990232426385,0.004005259516073635
conversion_explore,confounded_assignment,1.0,conversion,2,484727,0.8369721513346688,0.005653040511244202,0.004308224786826675,0.004268598738364983,0.0041628503947330345
conversion_explore,confounded_assignment,1.0,conversion,3,484620,0.8370537740910404,0.005578625410013359,0.003552542486737769,0.003630289151903508,0.0032583561610214067
conversion_explore,confounded_assignment,1.0,conversion,4,485325,0.8373378663782002,0.005546548110850231,0.0031252829547319034,0.003270660264386781,0.0025748780390044902
conversion_explore,confounded_assignment,1.0,conversion,5,485373,0.8372426978838955,0.005539841139618539,0.002925061535098021,0.003242924200572532,0.002521126038460591
conversion_explore,confounded_assignment,1.0,conversion,6,485444,0.83693896721352,0.00568287252933293,0.004001469708403698,0.0041148087714256735,0.0038867870981945628
conversion_explore,confounded_assignment,1.0,conversion,7,485532,0.8378726839837539,0.005615520032416888,0.003869488430668214,0.004001031703656711,0.0035790696616267233
conversion_explore,confounded_assignment,1.0,conversion,8,484850,0.8371785088171599,0.005623447740503841,0.004219228983199719,0.004078716465534575,0.003872241112354202
conversion_explore,confounded_assignment,1.0,conversion,9,485203,0.8374000160757457,0.005681141402342212,0.0031583846389662347,0.0035705791764887645,0.0028436563604767214
conversion_explore,confounded_assignment,1.0,conversion,10,485501,0.837431848750054,0.005718226622851537,0.004446946879860356,0.004474793934936921,0.004349247991495293
conversion_explore,confounded_assignment,1.0,conversion,11,485471,0.8374980173892982,0.005619094439680578,0.003415541455707078,0.0036659425656558127,0.003142935070209744
conversion_explore,confounded_assignment,1.0,conversion,12,485880,0.8372478801350127,0.005655200012375508,0.0038615310756093817,0.0038464121386537643,0.003606621941987602
conversion_explore,confounded_assignment,1.0,conversion,13,484102,0.8381146948370385,0.005659736344027422,0.0046166087110281985,0.004704561874279971,0.004657012078787757
conversion_explore,confounded_assignment,1.0,conversion,14,484440,0.8373792420113946,0.005611270739898675,0.0037707588968326575,0.0036895634561784716,0.0033824191048238694
conversion_explore,confounded_assignment,1.0,conversion,15,485017,0.8377335227425018,0.005565741688897564,0.0032925443929835195,0.003245477954026835,0.0027293570656481752
conversion_explore,confounded_assignment,1.0,conversion,16,484884,0.8375962085777217,0.005604950276824542,0.004034826240063714,0.004150351114600863,0.0040097587732728975
conversion_explore,confounded_assignment,1.0,conversion,17,485735,0.8378663262890259,0.005589465465862462,0.003955739356130085,0.00403533933663289,0.0037570012509115353
conversion_explore,confounded_assignment,1.0,conversion,18,485930,0.8378778836457926,0.005637892698479268,0.004315576892219842,0.004200512958808419,0.004110661344161811
conversion_explore,confounded_assignment,1.0,conversion,19,484999,0.8371646127105417,0.0055412838461569025,0.00405462431277359,0.004080871946375674,0.003941012795636428
